command,mean,stddev,median,user,system,min,max
ls,0.00005311196710743802,0.0008262283062841757,0,0.00040093223140495846,0.0005330902479338839,0,0.01285309604
