command,mean,stddev,median,user,system,min,max
cd .,0.00016542041008902087,0.0005067743302384225,0,0.00003807344213649851,0.00009291459940652826,0,0.00485193344
